Scenario,Sharpness,Contrast,Entropy,Resolution,BRISQUE,Sharpness LB,Sharpness UB,Contrast LB,Contrast UB,Entropy LB,Entropy UB,Resolution LB,Resolution UB,BRISQUE LB,BRISQUE UB
300,0.13666666666666666,0.016666666666666666,0.3933333333333333,0.056666666666666664,0.35,0.10236514609208623,0.1801554129977505,0.00713947735063333,0.0384153948330945,0.3397391051458937,0.4496247287153426,0.035677476463289504,0.08886595802247463,0.29823200252235404,0.4055608888450096
